ref,symbol,company_name,category_number,category,shares
21490,DOMF,Dominion Stock Fund Limited,806,CLOSE - END MUTUAL FUND,5000000
21900,HGFA,HBL Growth Fund,806,CLOSE - END MUTUAL FUND,283500000
21902,INMF,Investec Mutual Fund Limited,806,CLOSE - END MUTUAL FUND,10000000
21903,HIFA,HBL Investment Fund,806,CLOSE - END MUTUAL FUND,284125000
21913,SINDM,Sindh Modaraba,819,MODARABAS,45000000
21920,PUDF,Prudential Stocks Fund Limited,806,CLOSE - END MUTUAL FUND,6000000
21940,TSMF,Tri-Star Mutual Fund Limited,806,CLOSE - END MUTUAL FUND,5000000
30980,FANM,First Al-Noor Modaraba,819,MODARABAS,21000000
31010,ARM,Allied Rental Modaraba,819,MODARABAS,220000000
31040,BFMOD,B.F. Modaraba,819,MODARABAS,7515158
31060,BRR,B.R.R. Guardian Modaraba,819,MODARABAS,94998489
31120,FCONM,First Constellation Modaraba,819,MODARABAS,6462500
31150,FIM,First Investec Modaraba,819,MODARABAS,3000000
31180,FECM,First Elite Capital Modaraba,819,MODARABAS,11340000
31220,FEM,First Equity Modaraba,819,MODARABAS,52440000
31235,FFLM,First Fidelity Leasing Modaraba,819,MODARABAS,26413804
31260,ORIXM,Orix Modaraba,819,MODARABAS,45383530
31300,FHAM,First Habib Modaraba,819,MODARABAS,201600000
31305,HMM,Habib Metro Mod,819,MODARABAS,30000000
31310,FTMM,First Treet Manufacturing Modaraba,819,MODARABAS,883590287
31330,FIBLM,First IBL Modaraba,819,MODARABAS,21687500
31350,FIMM,First Imrooz Modaraba,819,MODARABAS,3000000
31355,PIM,Popular Islamic Modaraba,819,MODARABAS,14000000
31420,KASBM,KASB Modaraba,819,MODARABAS,48066480
31430,MODAM,Modaraba Al-Mali,819,MODARABAS,79423945
31435,ORM,Orient Rental Mod,819,MODARABAS,75000000
31450,FNBM,First National Bank Modaraba,819,MODARABAS,25000000
31500,PAKMI,First Pak Modaraba,819,MODARABAS,12540000
31510,FPRM,First Paramount Modaraba,819,MODARABAS,13788418
31580,PMI,First Prudential Modaraba,819,MODARABAS,87217660
31640,FPJM,First Punjab Modaraba,819,MODARABAS,34020000
31720,FTSM,First Tri-Star Modaraba,819,MODARABAS,21163104
31760,TRSM,Trust Modaraba,819,MODARABAS,29800000
31780,FUDLM,First UDL Modaraba,819,MODARABAS,35120564
31800,UCAPM,Unicap Modaraba,819,MODARABAS,23640000
41018,CASH,Calcorp Limited,813,INV. BANKS / INV. COS. / SECURITIES COS.,10744413
41022,ENGL,English Leasing Limited,815,LEASING COMPANIES,8000000
41032,GRYL,Grays Leasing Limited,815,LEASING COMPANIES,21500000
41080,OLPL,OLP Financial Services Pakistan Limited,813,INV. BANKS / INV. COS. / SECURITIES COS.,175407648
41097,PGLC,Pak-Gulf Leasing Company Limited,815,LEASING COMPANIES,25369800
41100,PICL,Pakistan Industrial & Commercial Leasing Ltd.,815,LEASING COMPANIES,39398933
41110,SLL,SME Leasing Limited,815,LEASING COMPANIES,32000000
41135,SLCL,Security Leasing Corporation Limited,815,LEASING COMPANIES,36300000
41140,SPLC,Saudi Pak Leasing Company Limited,815,LEASING COMPANIES,45160500
41146,SLCPA,Security Leasing Corp.9.10%(Pref),815,LEASING COMPANIES,11250000
50950,AMSL,Al-Mal Securities & Services Limited,813,INV. BANKS / INV. COS. / SECURITIES COS.,5000000
50955,MCBAH,MCB-Arif Habib Savings and Invest,813,INV. BANKS / INV. COS. / SECURITIES COS.,72000000
50960,AHL,Arif Habib Limited,813,INV. BANKS / INV. COS. / SECURITIES COS.,65340000
50970,AHCL,Arif Habib Corporation Limited,809,FERTILIZER,408375000
50990,ICIBL,Invest Capital Investment Bank Limited,813,INV. BANKS / INV. COS. / SECURITIES COS.,284866896
51023,FDIBL,First Dawood Investment Bank Limited,813,INV. BANKS / INV. COS. / SECURITIES COS.,148390023
51033,JSCL,Jahangir Siddiqui & Co. Ltd.,813,INV. BANKS / INV. COS. / SECURITIES COS.,915942388
51034,BIPLS,BIPL Securities Limited,813,INV. BANKS / INV. COS. / SECURITIES COS.,100000000
51037,NEXT,Next Capital Limited,813,INV. BANKS / INV. COS. / SECURITIES COS.,49500000
51040,AMBL,Apna Microfinance Bank Limited,813,INV. BANKS / INV. COS. / SECURITIES COS.,428984962
51042,ESBL,Escorts Investment Bank Limited,813,INV. BANKS / INV. COS. / SECURITIES COS.,135600000
51046,FCEL,First Capital Equities Limited,813,INV. BANKS / INV. COS. / SECURITIES COS.,141335500
51047,PSX,Pakistan Stock Exchange Limited,813,INV. BANKS / INV. COS. / SECURITIES COS.,801476600
51055,FCSC,First Capital Securities Corporation,813,INV. BANKS / INV. COS. / SECURITIES COS.,316610115
51058,FCIBL,First Credit and Investment Bank Limited,813,INV. BANKS / INV. COS. / SECURITIES COS.,65000000
51065,EFGH,EFG Hermes Pakistan Limited,813,INV. BANKS / INV. COS. / SECURITIES COS.,20015650
51070,FNEL,First National Equities Limited,813,INV. BANKS / INV. COS. / SECURITIES COS.,267286331
51087,JSIL,JS Investments Limited,813,INV. BANKS / INV. COS. / SECURITIES COS.,61774256
51090,JSGCL,JS Global Capital Limited,813,INV. BANKS / INV. COS. / SECURITIES COS.,27477297
51099,786,786 Investments Limited,813,INV. BANKS / INV. COS. / SECURITIES COS.,14973750
51102,DEL,Dawood Equities Limited,813,INV. BANKS / INV. COS. / SECURITIES COS.,27500000
51105,PASL,Pervez Ahmed Consultancy Services Ltd.,813,INV. BANKS / INV. COS. / SECURITIES COS.,186568487
51110,PDGH,Prudential Discourt & Guarantee House Ltd.,813,INV. BANKS / INV. COS. / SECURITIES COS.,10000000
51120,PRIB,Prudential Investment Bank Limited,813,INV. BANKS / INV. COS. / SECURITIES COS.,10000000
51140,SIBL,Security Investment Bank Limited,813,INV. BANKS / INV. COS. / SECURITIES COS.,51433559
51150,TRIBL,Trust Investment Bank Limited,813,INV. BANKS / INV. COS. / SECURITIES COS.,119885111
51155,TSBL,Trust Securities & Brokerage Limited,813,INV. BANKS / INV. COS. / SECURITIES COS.,30000000
51332,JSCLPSA,Jahangir Sidd(Pref),813,INV. BANKS / INV. COS. / SECURITIES COS.,183188477
60960,ABL,Allied Bank Limited,807,COMMERCIAL BANKS,1145073830
60970,SMBL,Summit Bank Limited,807,COMMERCIAL BANKS,2638151060
60980,AKBL,Askari Bank Limited,807,COMMERCIAL BANKS,1260260180
61000,BAFL,Bank Alfalah Limited,807,COMMERCIAL BANKS,1777165119
61004,BIPL,BankIslami Pakistan Limited,807,COMMERCIAL BANKS,1108703299
61005,BOK,The Bank of Khyber,807,COMMERCIAL BANKS,1050389726
61010,BAHL,Bank AL Habib Limited,807,COMMERCIAL BANKS,1111425419
61030,BOP,The Bank of Punjab,807,COMMERCIAL BANKS,2643692380
61045,FABL,Faysal Bank Limited,807,COMMERCIAL BANKS,1517696526
61050,HBL,Habib Bank Limited,807,COMMERCIAL BANKS,1466852508
61094,MEBL,Meezan Bank Limited,807,COMMERCIAL BANKS,1626931159
61095,NBP,National Bank of Pakistan,807,COMMERCIAL BANKS,2127512862
61097,HMB,Habib Metropolitan Bank Limited,807,COMMERCIAL BANKS,1047831480
61098,MCB,MCB Bank Limited,807,COMMERCIAL BANKS,1185060006
61104,JSBL,JS Bank Limited,807,COMMERCIAL BANKS,1297464262
61114,SBL,Samba Bank Limited,807,COMMERCIAL BANKS,1008238648
61135,SILK,Silkbank Limited,807,COMMERCIAL BANKS,9081861237
61150,SNBL,Soneri Bank Limited,807,COMMERCIAL BANKS,1102463503
61153,SCBPL,Standard Chartered Bank (Pak) Ltd,807,COMMERCIAL BANKS,3871585021
61180,UBL,United Bank Limited,807,COMMERCIAL BANKS,1224179688
71000,AICL,Adamjee Insurance Company Limited,812,INSURANCE,350000000
71010,IGIL,IGI Life Insurance Limited,812,INSURANCE,170567200
71020,ASIC,Asia Insurance Company Limited,812,INSURANCE,66371130
71025,AGIC,Askari General Insurance Company Limited,812,INSURANCE,71901898
71030,BIIC,Business & Industrial Insurance Company Ltd.,812,INSURANCE,8554376
71040,CYAN,Cyan Limited,812,INSURANCE,61558963
71060,CENI,Century Insurance Company Limited,812,INSURANCE,50296803
71070,JLICL,Jubilee Life Insurance Company Limited,812,INSURANCE,87263748
71080,CSIL,Crescent Star Insurance Limited,812,INSURANCE,107695041
71100,EFUG,EFU General Insurance Limited,812,INSURANCE,200000000
71110,EFUL,EFU Life Assurance Limited,812,INSURANCE,100000001
71120,EWIC,East West Insurance Company Limited,812,INSURANCE,136086192
71140,HICL,Habib Insurance Company Limited,812,INSURANCE,123874755
71160,IGIHL,IGI Holdings Limited,812,INSURANCE,142630550
71210,ALAC,Askari Life Assurance Company Limited,812,INSURANCE,150172014
71220,ATIL,Atlas Insurance Limited,812,INSURANCE,84895279
71260,JGICL,Jubilee General Insurance Limited,812,INSURANCE,198491379
71265,PIL,PICIC Insurance Limited,812,INSURANCE,35000000
71275,PKGI,The Pakistan General Insurance Co. Ltd.,812,INSURANCE,46401450
71310,PAKRI,Pakistan Reinsurance Company Limited,812,INSURANCE,300000000
71400,PINL,Premier Insurance Limited,812,INSURANCE,50565105
71420,PRIC,Progressive Insurance Company Limited,812,INSURANCE,8500000
71440,HCL,Hallmark Company Limited,828,TECHNOLOGY & COMMUNICATION,500000
71460,RICL,Reliance Insurance Company Limited,812,INSURANCE,60351880
71470,SHNI,Shaheen Insurance Company Limited,812,INSURANCE,60000000
71480,SSIC,Silver Star Insurance Company Limited,812,INSURANCE,30564844
71490,TPLI,TPL Insurance Limited,812,INSURANCE,117191261
71500,SICL,Standard Insurance Company Limited,812,INSURANCE,750000
71560,UNIC,The United Insurance Company,812,INSURANCE,295000044
71580,UVIC,The Universal Insurance Company Limited,812,INSURANCE,50000000
81080,AATM,Ali Asghar Textile Mills Limited,830,TEXTILE SPINNING,44426694
81090,AMTEX,Amtex Limited,830,TEXTILE SPINNING,259430134
81100,AWTX,Allawasaya Tex. & Finishing Mills Ltd,830,TEXTILE SPINNING,800000
81180,ANNT,Annoor Textile Mills Limited,830,TEXTILE SPINNING,1742400
81220,APOT,Apollo Textile Mills Limited,830,TEXTILE SPINNING,8284700
81225,ASTM,Asim Textile Mills Limited,830,TEXTILE SPINNING,15177000
81280,AZMT,Azmat Textile Mills Limited,830,TEXTILE SPINNING,950000
81300,BCML,Babri Cotton Mills Limited,830,TEXTILE SPINNING,3652178
81325,BILF,Bilal Fibres Limited,830,TEXTILE SPINNING,14100000
81420,CWSM,Chakwal Spinning Mills Limited,830,TEXTILE SPINNING,121576200
81450,HIRAT,Hira Textile Mills Limited,830,TEXTILE SPINNING,86577920
81470,CFL,Crescent Fibres Limited,830,TEXTILE SPINNING,12417876
81502,DSML,Dar-es-Salaam Textile Mills Limited,830,TEXTILE SPINNING,8000000
81503,DATM,Data Textiles Limited,830,TEXTILE SPINNING,9909600
81504,DFSM,Dewan Farooque Spinning Mills Limited,830,TEXTILE SPINNING,97750726
81505,DKTM,Dewan Khalid Textile Mills Limited,830,TEXTILE SPINNING,9610759
81510,DMTM,Dewan Mushtaq Textile Mills Limited,830,TEXTILE SPINNING,11561028
81520,DWTM,Dewan Textile Mills Limited,830,TEXTILE SPINNING,46064609
81530,DINT,Din Textile Mills Limited,830,TEXTILE SPINNING,52466750
81560,DMTX,D.M. Textile Mills Limited,830,TEXTILE SPINNING,3052400
81565,DSIL,D.S. Industries Limited,830,TEXTILE SPINNING,83685631
81580,ELCM,Elahi Cotton Mills Limited,830,TEXTILE SPINNING,1300000
81600,ELSM,Ellcot Spinning Mills Limited,830,TEXTILE SPINNING,10950000
81630,FAEL,Fatima Enterprises Limited,830,TEXTILE SPINNING,14231000
81680,FZCM,Fazal Cloth Mills Limited,829,TEXTILE COMPOSITE,30000000
81725,GADT,Gadoon Textile Mills Limited,830,TEXTILE SPINNING,28029583
81740,GLOT,Globe Textile Mills Limited,830,TEXTILE SPINNING,16367085
81790,GUSM,Gulistan Spinning Mills Limited,830,TEXTILE SPINNING,14641000
81800,GUTM,Gulistan Textile Mills Limited,830,TEXTILE SPINNING,18983872
81820,GSPM,Gulshan Spinning Mills Limited,830,TEXTILE SPINNING,22225038
81825,HMIM,Haji Mohammad Ismail Mills Limited,830,TEXTILE SPINNING,11975040
81840,HAJT,Hajra Textile Mills Limited,830,TEXTILE SPINNING,13750000
81910,IDSM,Ideal Spinning Mills Limited,830,TEXTILE SPINNING,9920000
81913,IDRT,Idrees Textile Mills Limited,830,TEXTILE SPINNING,19852800
81920,IDYM,Indus Dyeing & Manufacturing Co. Limited,830,TEXTILE SPINNING,54221193
81990,JATM,J.A. Textile Mills Limited,830,TEXTILE SPINNING,12601200
81995,JKSM,J.K. Spinning Mills Limited,830,TEXTILE SPINNING,102317502
82000,JDMT,Janana De Malucho Textile Mills Limited,830,TEXTILE SPINNING,4784794
82080,AAL,Agro Allianz Limited,830,TEXTILE SPINNING,1183200
82120,KSTM,Khalid Siraj Textile Mills Limited,830,TEXTILE SPINNING,10700000
82140,KHSM,Khurshid Spinning Mills Limited,830,TEXTILE SPINNING,13174800
82160,KOHTM,Kohat Textile Mills Limited,830,TEXTILE SPINNING,20800000
82200,KOSM,Kohinoor Spinning Mills Limited,830,TEXTILE SPINNING,215714285
82230,LMSM,Landmark Spinning Industries Limited,830,TEXTILE SPINNING,12123700
82240,MQTM,Maqbool Textile Mills Limited,830,TEXTILE SPINNING,18432000
82325,NATM,Nadeem Textile Mills Limited,830,TEXTILE SPINNING,21511985
82340,NAGC,Nagina Cotton Mills Limited,830,TEXTILE SPINNING,18700000
82365,NCML,Nazir Cotton Mills Limited,830,TEXTILE SPINNING,23000000
82440,OML,Olympia Mills Limited,818,MISCELLANEOUS,12000000
82460,PRET,Premium Textile Mills Limited,830,TEXTILE SPINNING,6163000
82500,BECO,Beco Steel Limited,808,ENGINEERING,25000000
82545,RCML,Reliance Cotton Spinning Mills Limited,830,TEXTILE SPINNING,10292000
82550,RUBY,Ruby Textile Mills Limited,830,TEXTILE SPINNING,52214400
82570,SAIF,Saif Textile Mills Limited,830,TEXTILE SPINNING,26412900
82640,SLYT,Sally Textile Mills Limited,830,TEXTILE SPINNING,8775000
82650,SANE,Salman Noman Enterprises Limited,830,TEXTILE SPINNING,4467036
82660,SNAI,Sana Industries Limited,830,TEXTILE SPINNING,12100000
82720,SSML,Saritow Spinning Mills Limited,830,TEXTILE SPINNING,29840607
82740,SERT,Service Industries Textiles Limited,830,TEXTILE SPINNING,13787567
82780,SHDT,Shadab Textile Mills Limited,830,TEXTILE SPINNING,16600000
82800,SHCM,Shadman Cotton Mills Limited,830,TEXTILE SPINNING,17636800
82860,SZTM,Shahzad Textile Mills Limited,830,TEXTILE SPINNING,17971372
82950,SUTM,Sunrays Textile Mills Limited,830,TEXTILE SPINNING,20700000
82985,UNITY,Unity Foods Limited,810,FOOD & PERSONAL CARE PRODUCTS,1194050000
82990,TATM,Tata Textile Mills Limited,830,TEXTILE SPINNING,55993614
91010,ASHT,Ashfaq Textile Mills Limited,831,TEXTILE WEAVING,42331850
91060,HKKT,Hakkim Textile Mills Limited,831,TEXTILE WEAVING,5394800
91070,ICCI,ICC Industries Limited,831,TEXTILE WEAVING,30001120
91130,MOHE,Mohib Exports Limited,831,TEXTILE WEAVING,15180000
91160,FML,Feroze1888 Mills Limited,829,TEXTILE COMPOSITE,399409026
91183,PRWM,Prosperity Weaving Mills Limited,831,TEXTILE WEAVING,18480000
91190,SDOT,Sadoon Textile Industries Limited,831,TEXTILE WEAVING,3000000
91198,SMTM,Samin Textiles Limited,831,TEXTILE WEAVING,26728000
91200,GTECH,G3 Technologies Limited,805,CHEMICAL,249871128
91205,STJT,Shahtaj Textile Limited,831,TEXTILE WEAVING,9660000
91220,YOUW,Yousaf Weaving Mills Limited,831,TEXTILE WEAVING,90000000
91240,ZTL,Zephyr Textiles Limited,831,TEXTILE WEAVING,59428729
101010,AHTM,Ahmad Hassan Textile Mills Limited,829,TEXTILE COMPOSITE,8471535
101025,ADMM,Artistic Denim Mills Limited,829,TEXTILE COMPOSITE,84000000
101030,ARUJ,Aruj Industries Limited,829,TEXTILE COMPOSITE,10457890
101070,BHAT,Bhanero Textile Mills Limited,829,TEXTILE COMPOSITE,3000000
101092,CHBL,Chenab Limited,829,TEXTILE COMPOSITE,115000000
101095,CLCPS,Chenab Limited (Pref),829,TEXTILE COMPOSITE,80000000
101160,CRTM,The Crescent Textile Mills Limited,829,TEXTILE COMPOSITE,100000000
101165,NCL,Nishat Chunian Limited,829,TEXTILE COMPOSITE,240119029
101180,DLL,Dawood Lawrencepur Limited,813,INV. BANKS / INV. COS. / SECURITIES COS.,59299809
101185,REWM,Reliance Weaving Mills Limited,829,TEXTILE COMPOSITE,30810938
101190,FSWL,Fateh Sports Wear Limited,829,TEXTILE COMPOSITE,2000000
101195,FTHM,Fateh Textile Mills Limited,829,TEXTILE COMPOSITE,1250000
101198,GFIL,Ghazi Fabrics International Limited,829,TEXTILE COMPOSITE,32635600
101200,GATM,Gul Ahmed Textile Mills Limited,829,TEXTILE COMPOSITE,616716215
101220,HAFL,Hafiz Limited,829,TEXTILE COMPOSITE,1200000
101230,HAEL,Hala Enterprises Limited,829,TEXTILE COMPOSITE,12996304
101240,HATM,Hamid Textile Mills Limited,829,TEXTILE COMPOSITE,13271600
101260,HUSI,Husein Industries Limited,829,TEXTILE COMPOSITE,10625852
101270,INKL,International Knitwear Limited,829,TEXTILE COMPOSITE,9675000
101274,ILP,Interloop Limited,829,TEXTILE COMPOSITE,898363374
101280,ANTM,AN Textile Mills Limited,829,TEXTILE COMPOSITE,9660000
101300,JUBS,Jubilee Spinning & Weaving Mills Ltd.,829,TEXTILE COMPOSITE,32491205
101310,KAKL,Kaiser Arts & Krafts Limited,829,TEXTILE COMPOSITE,8550000
101320,KHYT,Khyber Textile Mills Limited,829,TEXTILE COMPOSITE,1227500
101330,KML,Kohinoor Mills Limited,829,TEXTILE COMPOSITE,50911011
101340,KOIL,Kohinoor Industries Limited,829,TEXTILE COMPOSITE,30302580
101350,BTL,Blessed Textiles Limited,829,TEXTILE COMPOSITE,6432000
101360,KTML,Kohinoor Textile Mills Limited,829,TEXTILE COMPOSITE,299296456
101362,ANL,Azgard Nine Limited,829,TEXTILE COMPOSITE,485409731
101365,MEHT,Mehmood Textile Mills Limited,829,TEXTILE COMPOSITE,18750025
101367,ANLPS,Azgard Nine 8.95%(Pref),829,TEXTILE COMPOSITE,66125083
101369,ANLNV,Azgard Nine Non-Voting Ordinary Shares,829,TEXTILE COMPOSITE,5965608
101375,CLVL,Cordoba Logistics & Ventures Limited,833,TRANSPORT,22105200
101400,MFTM,Mohammad Farooq Textile Mills Limited,829,TEXTILE COMPOSITE,18889200
101410,MUBT,Mubarak Textile Mills Limited,829,TEXTILE COMPOSITE,5400000
101425,NINA,Nina Industries Limited,829,TEXTILE COMPOSITE,24200000
101440,NML,Nishat Mills Limited,829,TEXTILE COMPOSITE,351599848
101465,REDCO,Redco Textiles Limited,829,TEXTILE COMPOSITE,49292600
101468,SFAT,Safa Textiles Limited,829,TEXTILE COMPOSITE,4000000
101469,SFL,Sapphire Fibres Limited,829,TEXTILE COMPOSITE,20671875
101470,SCHT,Schon Textiles Limited,829,TEXTILE COMPOSITE,11970000
101480,STML,Shams Textile Mills Limited,829,TEXTILE COMPOSITE,8640000
101510,SURC,Suraj Cotton Mills Limited,829,TEXTILE COMPOSITE,44372287
101515,TAJT,Taj Textile Mills Limited,829,TEXTILE COMPOSITE,33442000
101522,TOWL,Towellers Limited,829,TEXTILE COMPOSITE,17000000
101525,USMT,Usman Textile Mills Limited,829,TEXTILE COMPOSITE,3726300
101527,ZAHID,Zahidjee Textile Mills Limited,829,TEXTILE COMPOSITE,191421102
101530,ZHCM,Zahur Cotton Mills Limited,829,TEXTILE COMPOSITE,9860000
101625,FASM,Faisal Spinning Mills Limited,829,TEXTILE COMPOSITE,10000000
102260,MSOT,Masood Textile Mills Limited,829,TEXTILE COMPOSITE,67500000
102265,MSOTPS,Masood Textile (Pref),829,TEXTILE COMPOSITE,27500000
102450,PASM,Paramount Spinning Mills Limited,829,TEXTILE COMPOSITE,17352330
102480,QUET,Quetta Textile Mills Limited,829,TEXTILE COMPOSITE,13000000
102700,SAPT,Sapphire Textile Mills Limited,829,TEXTILE COMPOSITE,21689791
110980,BNWM,Bannu Woollen Mills Limited,835,WOOLLEN,9506250
111080,BNL,Bunnys Limited,810,FOOD & PERSONAL CARE PRODUCTS,66805269
120960,AGL,Agritech Limited,805,CHEMICAL,392430000
120965,AGLNCPS,Agritech Non-Voting (Pref) Class A,805,CHEMICAL,159334269
121000,AASM,Al-Abid Silk Mills Limited,827,SYNTHETIC & RAYON,13409550
121040,DSFL,Dewan Salman Fibre Limited,827,SYNTHETIC & RAYON,366321085
121070,GATI,Gatron (Industries) Limited,827,SYNTHETIC & RAYON,38364500
121074,IBFL,Ibrahim Fibres Limited,827,SYNTHETIC & RAYON,310506995
121110,NAFL,National Fibres Limited,827,SYNTHETIC & RAYON,84777800
121120,NSRM,The National Silk & Rayon Mills Limited,827,SYNTHETIC & RAYON,15553133
121180,PSYL,Pakistan Synthetics Limited,827,SYNTHETIC & RAYON,92466000
121240,RUPL,Rupali Polyester Limited,827,SYNTHETIC & RAYON,34068500
121242,SGABL,SG.Allied Businsses Limited,827,SYNTHETIC & RAYON,15000000
121251,IMAGE,Image Pakistan Limited,827,SYNTHETIC & RAYON,99538602
131020,CJPL,Crescent Jute Products Limited,814,JUTE,23763468
131140,SUHJ,Suhail Jute Mills Limited,814,JUTE,4332819
131160,THALL,Thal Limited,802,AUTOMOBILE PARTS & ACCESSORIES,81029917
141000,ADAMS,Adam Sugar Mills Limited,826,SUGAR & ALLIED INDUSTRIES,17291008
141010,AABS,Al-Abbas Sugar Mills Limited,826,SUGAR & ALLIED INDUSTRIES,17362300
141020,AGSML,Abdullah Shah Ghazi Sugar Mills Limited,826,SUGAR & ALLIED INDUSTRIES,79261700
141040,ALNRS,Al-Noor Sugar Mills Limited,826,SUGAR & ALLIED INDUSTRIES,20473755
141060,ANSM,Ansari Sugar Mills Limited,826,SUGAR & ALLIED INDUSTRIES,56136657
141080,BAFS,Baba Farid Sugar Mills Limited,826,SUGAR & ALLIED INDUSTRIES,9450000
141170,CHAS,Chashma Sugar Mills Limited,826,SUGAR & ALLIED INDUSTRIES,28692000
141175,IML,Imperial  Limited,813,INV. BANKS / INV. COS. / SECURITIES COS.,99020000
141180,CCM,Crescent Cotton Mills Limited,830,TEXTILE SPINNING,22660123
141200,DWSM,Dewan Sugar Mills Limited,826,SUGAR & ALLIED INDUSTRIES,91511992
141210,FCEPL,Frieslandcampina Engro Pakistan Limited,810,FOOD & PERSONAL CARE PRODUCTS,766596075
141220,FRSM,Faran Sugar Mills Limited,826,SUGAR & ALLIED INDUSTRIES,25007151
141320,HABSM,Habib Sugar Mills Limited,826,SUGAR & ALLIED INDUSTRIES,150000000
141340,HRPL,Habib Rice Product Limited.,826,SUGAR & ALLIED INDUSTRIES,40000000
141350,HWQS,Haseeb Waqas Sugar Mills Limited,826,SUGAR & ALLIED INDUSTRIES,32400000
141360,HSM,Husein Sugar Mills Limited,826,SUGAR & ALLIED INDUSTRIES,52965000
141366,HSMCPS,Husein Sugar(Pref),826,SUGAR & ALLIED INDUSTRIES,14450000
141390,JDWS,JDW Sugar Mills Limited,826,SUGAR & ALLIED INDUSTRIES,59776661
141395,KPUS,Khairpur Sugar Mills Limited,826,SUGAR & ALLIED INDUSTRIES,16017500
141400,JSML,Jauharabad Sugar Mills Limited,826,SUGAR & ALLIED INDUSTRIES,34128454
141420,MRNS,Mehran Sugar Mills Limited,826,SUGAR & ALLIED INDUSTRIES,53820329
141440,MIRKS,Mirpurkhas Sugar Mills Limited,826,SUGAR & ALLIED INDUSTRIES,13495041
141460,NONS,Noon Sugar Mills Limited,826,SUGAR & ALLIED INDUSTRIES,16517456
141500,PMRS,The Premier Sugar Mills,826,SUGAR & ALLIED INDUSTRIES,3750000
141520,SKRS,Sakrand Sugar Mills Limited,826,SUGAR & ALLIED INDUSTRIES,44616000
141540,SANSM,Sanghar Sugar Mills Limited,826,SUGAR & ALLIED INDUSTRIES,11946000
141560,SHJS,Shahtaj Sugar Mills Limited,826,SUGAR & ALLIED INDUSTRIES,12011200
141580,SHSML,Shahmurad Sugar Mills Limited,826,SUGAR & ALLIED INDUSTRIES,21118800
141600,SML,Shakarganj Limited,826,SUGAR & ALLIED INDUSTRIES,125000000
141620,SASML,Sindh Abadgars Sugar Mills Limited,826,SUGAR & ALLIED INDUSTRIES,10425000
141630,TSML,Tandlianwala Sugar Mills Limited,826,SUGAR & ALLIED INDUSTRIES,117706300
141640,TICL,The Thal Industries Corporation Limited,826,SUGAR & ALLIED INDUSTRIES,15023200
150940,ACPL,Attock Cement Pakistan Limited,804,CEMENT,137426961
150960,BWCL,Bestway Cement Limited,804,CEMENT,596252783
151000,CHCC,Cherat Cement Company Limited,804,CEMENT,194295038
151010,DBCI,Dadabhoy Cement Industries Limited,804,CEMENT,98236644
151040,DNCC,Dandot Cement Company Limited,804,CEMENT,248173314
151050,DGKC,D.G. Khan Cement Company Limited,804,CEMENT,438119097
151060,POWER,Power Cement Limited,804,CEMENT,1063414434
151064,POWERPS,Power Cement (Pref),804,CEMENT,244585320
151065,FCCL,Fauji Cement Company Limited,804,CEMENT,1379815025
151070,FECTC,Fecto Cement Limited,804,CEMENT,50160000
151075,FLYNG,Flying Cement Company Limited,804,CEMENT,394800000
151077,FLYNGR1,Flying Cement(R),804,CEMENT,300000000
151080,GWLC,Gharibwal Cement Limited,804,CEMENT,400273960
151100,JVDC,Javedan Corporation Limited,804,CEMENT,380860447
151102,JVDCPS,Javedan Corporation (Pref),804,CEMENT,50500
151103,KOHC,Kohat Cement Company Limited,804,CEMENT,200861297
151105,LUCK,Lucky Cement Limited,804,CEMENT,323375000
151110,MLCF,Maple Leaf Cement Factory Limited,804,CEMENT,1098346232
151140,DCL,Dewan Cement Limited,804,CEMENT,484113343
151150,PIOC,Pioneer Cement Limited,804,CEMENT,227148793
151155,SMCPL,Safe Mix Concrete Limited,804,CEMENT,25000000
151160,THCCL,Thatta Cement Company Limited,804,CEMENT,99718125
151180,ZELP,Zeal Pak Cement Factory Limited,804,CEMENT,427838526
161000,KHTC,Khyber Tobacco Company Limited,832,TOBACCO,4807200
161020,PMPK,Philip Morris (Pakistan) Limited,832,TOBACCO,61580341
161040,PAKT,Pakistan Tobacco Company Limited,832,TOBACCO,255493792
171000,ATRL,Attock Refinery Limited,825,REFINERY,106616250
171010,CNERGY,Cnergyico PK  Limited,825,REFINERY,5329884706
171080,NRL,National Refinery Limited,825,REFINERY,79966560
171140,PRL,Pakistan Refinery Limited,825,REFINERY,630000000
180980,ALTN,Altern Energy Limited,824,POWER GENERATION & DISTRIBUTION,363380000
180990,EPQL,Engro Powergen Qadirpur Limited,824,POWER GENERATION & DISTRIBUTION,323800000
181035,AEL,Arshad Energy Limited,824,POWER GENERATION & DISTRIBUTION,8000000
181037,JPGL,Japan Power Generation Limited,824,POWER GENERATION & DISTRIBUTION,156037591
181050,HUBC,The Hub Power Company Limited,824,POWER GENERATION & DISTRIBUTION,1297154400
181060,KEL,K-Electric Limited,824,POWER GENERATION & DISTRIBUTION,27615194245
181062,KOHE,Kohinoor Energy Limited,824,POWER GENERATION & DISTRIBUTION,169458614
181070,KOHP,Kohinoor Power Company Limited,824,POWER GENERATION & DISTRIBUTION,12600000
181075,LPL,Lalpir Power Limited,824,POWER GENERATION & DISTRIBUTION,379838732
181080,KAPCO,Kot Addu Power Company Limited,824,POWER GENERATION & DISTRIBUTION,880253228
181085,NCPL,Nishat Chunian Power Limited,824,POWER GENERATION & DISTRIBUTION,367346939
181090,NPL,Nishat Power Limited,824,POWER GENERATION & DISTRIBUTION,354088500
181095,PKGP,Pakgen Power Limited,824,POWER GENERATION & DISTRIBUTION,372081591
181100,SPWL,Saif Power Limited,824,POWER GENERATION & DISTRIBUTION,386471779
181165,SGPL,S.G. Power Limited,824,POWER GENERATION & DISTRIBUTION,17833200
181175,SEL,Sitara Energy Limited,824,POWER GENERATION & DISTRIBUTION,19092000
181220,TSPL,Tri-Star Power Limited,824,POWER GENERATION & DISTRIBUTION,15000000
191000,APL,Attock Petroleum Limited,821,OIL & GAS MARKETING COMPANIES,99532800
191160,PSO,Pakistan State Oil Company Limited,821,OIL & GAS MARKETING COMPANIES,469473300
191168,BPL,Burshane LPG (Pakistan) Limited,821,OIL & GAS MARKETING COMPANIES,22640044
191170,SHEL,Shell Pakistan Limited,821,OIL & GAS MARKETING COMPANIES,214024662
191180,SSGC,Sui Southern Gas Company Limited,821,OIL & GAS MARKETING COMPANIES,880916400
191200,SNGP,Sui Northern Gas Pipelines Limited,821,OIL & GAS MARKETING COMPANIES,634216665
201040,HASCOL,Hascol Petroleum Limited,821,OIL & GAS MARKETING COMPANIES,999120680
201050,HTL,Hi-Tech Lubricants Limited,821,OIL & GAS MARKETING COMPANIES,139204800
201075,MARI,Mari Petroleum Company Limited,820,OIL & GAS EXPLORATION COMPANIES,133402500
201080,OGDC,Oil & Gas Development Company Limited,820,OIL & GAS EXPLORATION COMPANIES,4300928400
201120,POL,Pakistan Oilfields Limited,820,OIL & GAS EXPLORATION COMPANIES,283855104
201130,PPL,Pakistan Petroleum Limited,820,OIL & GAS EXPLORATION COMPANIES,2720967548
210980,ADOS,Ados Pakistan Limited,808,ENGINEERING,6582600
210990,AGHA,Agha Steel Ind.Ltd,808,ENGINEERING,604879058
211010,ASL,Aisha Steel Mills Limited,808,ENGINEERING,765529303
211011,ASLPS,Aisha Steel Convertible (Pref),808,ENGINEERING,44357057
211013,ASLCPS,Aisha Steel Convt (Pref) Right,808,ENGINEERING,2870083
211014,ASTL,Amreli Steels Limited,808,ENGINEERING,297011427
211020,BCL,Bolan Castings Limited,808,ENGINEERING,11472529
211030,DADX,Dadex Eternit Limited,808,ENGINEERING,10764000
211035,DSL,Dost Steels Limited,808,ENGINEERING,315733860
211040,CSAP,Crescent Steel & Allied Products Limited,808,ENGINEERING,77632491
211050,OBOY,Oilboy Engergy Limited,808,ENGINEERING,10000000
211080,HSPI,Huffaz Seamless Pipe Industries Limited,808,ENGINEERING,55484300
211100,INIL,International Industries Limited,808,ENGINEERING,131881860
211110,ISL,International Steels Limited,808,ENGINEERING,435000000
211115,ITTEFAQ,Ittefaq Iron Industries Limited,808,ENGINEERING,144343364
211140,KSBP,KSB Pumps Company Limited,808,ENGINEERING,13200000
211145,MUGHAL,Mughal Iron & Steel Industries Limited,808,ENGINEERING,335633933
211160,MSCL,Metropolitan Steel Corporation Limited,808,ENGINEERING,30977500
211200,PECO,Pakistan Engineering Company Limited,808,ENGINEERING,5690200
211220,QUSW,Quality Steel Works Limited,808,ENGINEERING,1771800
221020,AGTL,Al-Ghazi Tractors Limited,801,AUTOMOBILE ASSEMBLER,57964201
221100,ATLH,Atlas Honda Limited,801,AUTOMOBILE ASSEMBLER,124087935
221150,DFML,Dewan Farooque Motors Limited,801,AUTOMOBILE ASSEMBLER,138735242
221175,GHNI,Ghandhara Industries Limited,801,AUTOMOBILE ASSEMBLER,42608844
221190,GHNL,Ghandhara Nissan Limited,801,AUTOMOBILE ASSEMBLER,57002500
221200,HINO,Hinopak Motors Limited,801,AUTOMOBILE ASSEMBLER,24801120
221205,HCAR,Honda Atlas Cars (Pakistan) Limited,801,AUTOMOBILE ASSEMBLER,142800000
221210,INDU,Indus Motor Company Limited,801,AUTOMOBILE ASSEMBLER,78600000
221220,MTL,Millat Tractors Limited,801,AUTOMOBILE ASSEMBLER,67269301
221260,PSMC,Pak Suzuki Motor Company Limited,801,AUTOMOBILE ASSEMBLER,82299851
221270,SAZEW,Sazgar Engineering Works Limited,801,AUTOMOBILE ASSEMBLER,60445961
231000,AGIL,Agriauto Industries Limited,802,AUTOMOBILE PARTS & ACCESSORIES,28800000
231040,DWAE,Dewan Automotive Engineering Limited,802,AUTOMOBILE PARTS & ACCESSORIES,21400000
231080,ATBA,Atlas Battery Limited,802,AUTOMOBILE PARTS & ACCESSORIES,28013627
231130,BWHL,Baluchistan Wheels Limited,802,AUTOMOBILE PARTS & ACCESSORIES,13334250
231135,BELA,Bela Automotives Limited,802,AUTOMOBILE PARTS & ACCESSORIES,5800000
231160,EXIDE,Exide Pakistan Limited,802,AUTOMOBILE PARTS & ACCESSORIES,7768618
231170,GTYR,Ghandhara Tyre & Rubber Company Limited,802,AUTOMOBILE PARTS & ACCESSORIES,121933350
231175,LOADS,Loads Limited,802,AUTOMOBILE PARTS & ACCESSORIES,251250000
231180,PTL,Panther Tyres Ltd.,802,AUTOMOBILE PARTS & ACCESSORIES,168000000
241080,JOPP,Johnson & Phillips (Pakistan) Limited,803,CABLE & ELECTRICAL GOODS,5450000
241100,PCAL,Pakistan Cables Limited,803,CABLE & ELECTRICAL GOODS,35577970
241120,PAEL,Pak Elektron Limited,803,CABLE & ELECTRICAL GOODS,497681485
241125,PELPS,Pak Elektron (Pref),803,CABLE & ELECTRICAL GOODS,44957592
241150,TPL,TPL Corp Limited,828,TECHNOLOGY & COMMUNICATION,267297763
241155,TPLT,TPL Trakker Limited,828,TECHNOLOGY & COMMUNICATION,187263093
241169,AIRLINK,Air Link Communication Limited,828,TECHNOLOGY & COMMUNICATION,395269231
241170,AVN,Avanceon Limited,828,TECHNOLOGY & COMMUNICATION,256593358
241220,WAVES,Waves Singer Pakistan Limited,803,CABLE & ELECTRICAL GOODS,281406088
241240,SIEM,Siemens (Pakistan) Engineering,803,CABLE & ELECTRICAL GOODS,8247037
241250,SPEL,Synthetic Products Enterprises Limited,818,MISCELLANEOUS,199736016
251000,PNSC,Pakistan National Shipping Corporation,833,TRANSPORT,132063360
251005,GEMUNSL,Universal Network Systems Limited(GEM),833,TRANSPORT,27428430
251010,PIBTL,Pakistan International Bulk Terminal,833,TRANSPORT,1786092772
251020,PICT,Pakistan International Container,833,TRANSPORT,109153152
251040,PIAA,Pakistan International Airlines Corp,833,TRANSPORT,5233761118
251060,PIAB,Pakistan International Airlines Corporation Limited,833,TRANSPORT,1500000
261008,HUMNL,Hum Network Limited,828,TECHNOLOGY & COMMUNICATION,945000000
261009,NETSOL,NetSol Technologies Limited,828,TECHNOLOGY & COMMUNICATION,89836923
261010,PAKD,Pak Datacom Limited,828,TECHNOLOGY & COMMUNICATION,11859210
261011,OCTOPUS,Octopus Digital Limited,828,TECHNOLOGY & COMMUNICATION,136750002
261015,MDTL,Media Times Limited,828,TECHNOLOGY & COMMUNICATION,178851010
261020,SYS,Systems Limited,828,TECHNOLOGY & COMMUNICATION,138078162
261070,PTC,Pakistan Telecommunication Company Ltd,828,TECHNOLOGY & COMMUNICATION,3774000000
261073,TRG,TRG Pakistan Limited,828,TECHNOLOGY & COMMUNICATION,545390665
261075,TELE,Telecard Limited,828,TECHNOLOGY & COMMUNICATION,315000000
261088,WTL,Worldcall Telecom Limited,828,TECHNOLOGY & COMMUNICATION,1805921917
271160,DAWH,Dawood Hercules Corporation Limited,813,INV. BANKS / INV. COS. / SECURITIES COS.,481287116
271200,ENGRO,Engro Corporation Limited,809,FERTILIZER,576163230
271202,EFERT,Engro Fertilizers Limited,809,FERTILIZER,1335299375
271205,FFBL,Fauji Fertilizer Bin Qasim Limited,809,FERTILIZER,1291252857
271210,FFC,Fauji Fertilizer Company Limited,809,FERTILIZER,1272238147
281000,ABOT,Abbott Laboratories (Pakistan) Limited,823,PHARMACEUTICALS,97900302
281010,AGP,AGP Limited,823,PHARMACEUTICALS,280000000
281015,CPHL,Citi Pharma Ltd.,823,PHARMACEUTICALS,228461200
281220,FEROZ,Ferozsons Laboratories Limited,823,PHARMACEUTICALS,36224209
281240,GLAXO,GlaxoSmithKline Pakistan Limited,823,PHARMACEUTICALS,318467278
281245,GSKCH,GlaxoSmithKline Consumer Healthcare,823,PHARMACEUTICALS,117054508
281250,HINOON,Highnoon Laboratories Limited,823,PHARMACEUTICALS,38076441
281260,SAPL,Sanofi-Aventis Pakistan Limited,823,PHARMACEUTICALS,9644800
281360,OTSU,Otsuka Pakistan Limited,823,PHARMACEUTICALS,12100000
281530,SEARL,The Searle Company Limited,823,PHARMACEUTICALS,312052684
281610,WYETH,Wyeth Pakistan Limited,823,PHARMACEUTICALS,1421610
291020,BAPL,Bawany Air Products Limited,805,CHEMICAL,7502510
291030,BIFO,Biafo Industries Limited,805,CHEMICAL,46382688
291040,BERG,Berger Paints Pakistan Limited,805,CHEMICAL,20459710
291080,BUXL,Buxly Paints Limited,805,CHEMICAL,1440000
291110,ARPL,Archroma Pakistan Limited,805,CHEMICAL,34118229
291120,COLG,Colgate-Palmolive (Pakistan) Limited,805,CHEMICAL,72795589
291130,CTM,Colony Textile Mills Limited,830,TEXTILE SPINNING,498010000
291140,DOL,Descon Oxychem Limited,805,CHEMICAL,175031084
291150,DAAG,Data Agro Limited,805,CHEMICAL,4000000
291175,DYNO,Dynea Pakistan Limited,805,CHEMICAL,18872400
291200,EPCL,Engro Polymer & Chemicals Limited,805,CHEMICAL,908923333
291203,EPCLPS,Engro Poly(Pref),805,CHEMICAL,300000000
291210,FATIMA,Fatima Fertilizer Company Limited,809,FERTILIZER,2100000000
291250,GGL,Ghani Global Holdings Limited,805,CHEMICAL,321926900
291300,ICI,ICI Pakistan Limited,805,CHEMICAL,92359050
291305,ICL,Ittehad Chemicals Limted,805,CHEMICAL,99999999
291340,LPGL,Leiner Pak Gelatine Limited,805,CHEMICAL,7500000
291390,LOTCHEM,Lotte Chemical Pakistan Limited,805,CHEMICAL,1514207200
291400,PPVC,Pakistan PVC Limited,805,CHEMICAL,14958000
291450,NICL,Nimir Industrial Chemicals Limited,805,CHEMICAL,110590546
291460,PAKOXY,Pakistan Oxygen Limited,805,CHEMICAL,46872446
291470,NRSL,Nimir Resins Limited,805,CHEMICAL,141321100
291525,SARC,Sardar Chemical Industries Limited,805,CHEMICAL,6000000
291535,SHCI,Shaffi Chemical Industries Limited,805,CHEMICAL,12000000
291560,SITC,Sitara Chemical Industries Limited,805,CHEMICAL,21429524
291565,SPL,Sitara Peroxide Limited,805,CHEMICAL,55100000
291600,WAHN,Wah Noble Chemicals Limited,805,CHEMICAL,9000000
300980,ABSON,Abson Industries Limited,822,PAPER & BOARD,3100000
301060,CEPB,Century Paper & Board Mills Limited,822,PAPER & BOARD,202885316
301070,CPPL,Cherat Packaging Limited,822,PAPER & BOARD,42506836
301110,DBSL,Dadabhoy Sack Limited,822,PAPER & BOARD,4000000
301120,MERIT,Merit Packaging Limited,822,PAPER & BOARD,199958427
301160,PKGS,Packages Limited,822,PAPER & BOARD,89379504
301170,GEMPAPL,Pak Agro Packaging Limited(GEM),822,PAPER & BOARD,20000000
301180,PPP,Pakistan Paper Products Limited,822,PAPER & BOARD,8000000
301182,RPL,Roshan Packages Limited,822,PAPER & BOARD,141900000
301220,SEPL,Security Papers Limited,822,PAPER & BOARD,59255985
311040,EXTR,Extraction (Pakistan) Limited,834,VANASPATI & ALLIED INDUSTRIES,1000000
311200,POML,Punjab Oil Mills Limited,834,VANASPATI & ALLIED INDUSTRIES,5390625
311210,SSOM,S.S.Oil Mills Limited,834,VANASPATI & ALLIED INDUSTRIES,5658400
311260,SURAJ,Suraj Ghee Industries Limited,834,VANASPATI & ALLIED INDUSTRIES,958100
321000,BATA,Bata Pakistan Limited,816,LEATHER & TANNERIES,7560000
321010,FIL,Fateh Industries Limited,816,LEATHER & TANNERIES,2000000
321030,LEUL,Leather Up Limited,816,LEATHER & TANNERIES,6000000
321035,SGF,Service GlobalFootwear Limited,816,LEATHER & TANNERIES,204437500
321060,PAKL,Pak Leather Crafts Limited,816,LEATHER & TANNERIES,3400000
321085,SRVI,Service Industries Limited,816,LEATHER & TANNERIES,46987500
331050,ASC,Al Shaheer Corporation Limited,810,FOOD & PERSONAL CARE PRODUCTS,299938830
331055,PREMA,At-Tahur Limited,810,FOOD & PERSONAL CARE PRODUCTS,198763118
331060,CLOV,Clover Pakistan Limited,810,FOOD & PERSONAL CARE PRODUCTS,31143059
331070,GLPL,Gillette Pakistan Limited,810,FOOD & PERSONAL CARE PRODUCTS,31872000
331080,GIL,Good Luck Industries Ltd.,810,FOOD & PERSONAL CARE PRODUCTS,300000
331090,IBLHL,IBL HealthCare Limited,823,PHARMACEUTICALS,64905126
331092,MACTER,Macter International Limited,823,PHARMACEUTICALS,45811018
331120,ISIL,Ismail Industries Limited,810,FOOD & PERSONAL CARE PRODUCTS,66356940
331125,MFL,Matco Foods Limited,810,FOOD & PERSONAL CARE PRODUCTS,122400698
331160,NESTLE,Nestle Pakistan Limited,810,FOOD & PERSONAL CARE PRODUCTS,45349551
331170,MFFL,Mitchells Fruit Farms Limited,810,FOOD & PERSONAL CARE PRODUCTS,22875000
331200,MUREB,Murree Brewery Company Limited,810,FOOD & PERSONAL CARE PRODUCTS,27663631
331220,NATF,National Foods Limited,810,FOOD & PERSONAL CARE PRODUCTS,233115250
331240,FFL,Fauji Foods Limited,810,FOOD & PERSONAL CARE PRODUCTS,1584088159
331290,QUICE,Quice Food Industries Limited,810,FOOD & PERSONAL CARE PRODUCTS,98461828
331295,UPFL,Unilever Pakistan Foods Limited,810,FOOD & PERSONAL CARE PRODUCTS,6369932
331300,RMPL,Rafhan Maize Products Company Limited,810,FOOD & PERSONAL CARE PRODUCTS,9236400
331310,NMFL,Nirala MSR Foods Limited,810,FOOD & PERSONAL CARE PRODUCTS,16589500
331320,SHEZ,Shezan International Limited,810,FOOD & PERSONAL CARE PRODUCTS,9663060
331325,TOMCL,The Organic Meat Company Limited,810,FOOD & PERSONAL CARE PRODUCTS,122999555
331420,SCL,Shield Corporation Limited,810,FOOD & PERSONAL CARE PRODUCTS,3900000
331440,TREET,Treet Corporation Limited,810,FOOD & PERSONAL CARE PRODUCTS,178721122
331523,ZIL,ZIL Limited,810,FOOD & PERSONAL CARE PRODUCTS,6122600
341000,BGL,Balochistan Glass Limited,811,GLASS & CERAMICS,261600000
341040,EMCO,Emco Industries Limited,803,CABLE & ELECTRICAL GOODS,34999667
341060,FRCL,Frontier Ceramics Limited,811,GLASS & CERAMICS,37873821
341065,GHGL,Ghani Glass Limited,811,GLASS & CERAMICS,839391132
341066,GGGL,Ghani Global Glass Limited,811,GLASS & CERAMICS,240000000
341067,GVGL,Ghani Value Glass Limited,811,GLASS & CERAMICS,64441369
341070,KCL,Karam Ceramics Limited,811,GLASS & CERAMICS,14549060
341100,TGL,Tariq Glass Industries Limited,811,GLASS & CERAMICS,137733750
341140,REGAL,Regal Ceramics Limited,811,GLASS & CERAMICS,7300000
341160,STCL,Shabbir Tiles & Ceramics Limited,811,GLASS & CERAMICS,239320475
351000,GAMON,Gammon Pakistan Limited,818,MISCELLANEOUS,28266231
351010,AKGL,Al-Khair Gadoon Limited,818,MISCELLANEOUS,10000000
351020,HADC,Haydari Construction Company Limited,818,MISCELLANEOUS,6400000
351021,ARPAK,Arpak International Investments Ltd.,818,MISCELLANEOUS,4000000
351022,MACFL,MACPAC Films Limited,818,MISCELLANEOUS,59301150
351025,DIIL,Diamond Industries Limited,818,MISCELLANEOUS,9000000
351050,ECOP,Ecopack Limited,818,MISCELLANEOUS,41963843
351060,DCTL,Dadabhoy Construction Technology Limited,818,MISCELLANEOUS,2322800
351080,GOC,GOC (Pak) Limited.,818,MISCELLANEOUS,7348950
351120,HACC,Hashimi Can Company Limited,818,MISCELLANEOUS,1633500
351180,PABC,Pakistan Aluminium Beverage Cans Limited,818,MISCELLANEOUS,361108254
351185,MWMP,Mandviwala Mauser Plastic Industries,818,MISCELLANEOUS,28748133
351187,PACE,Pace (Pakistan) Limited,818,MISCELLANEOUS,278876604
351210,PHDL,Pakistan Hotels Developers Limited,818,MISCELLANEOUS,18000000
351240,PSEL,Pakistan Services Limited,818,MISCELLANEOUS,32524250
351260,AKDHL,AKD Hospitality Limited,818,MISCELLANEOUS,2507273
351270,SHFA,Shifa International Hospitals Limited,818,MISCELLANEOUS,63214383
351275,STPL,Siddiqsons Tin Plate Limited,818,MISCELLANEOUS,229278733
351276,TPLP,TPL Properties Limited,818,MISCELLANEOUS,392871726
351450,TRIPF,Tri-Pack Films Limited,818,MISCELLANEOUS,38800000
351480,UBDL,United Brands Limited,818,MISCELLANEOUS,91800000
351500,UDPL,United Distributors Pakistan Limited,818,MISCELLANEOUS,35271134
400847,NCL-OCTB,Nishat (Chunian) Limited.,40,FUTURE CONTRACTS,0
421343,AWWAL,Awwal Modaraba,819,MODARABAS,100000000
460000,DCR,Dolmen City REIT,836,REAL ESTATE INVESTMENT TRUST,2223700000
470000,UBLPETF,UBLPakistan Enterprise ETF,837,EXCHANGE TRADED FUNDS,3440000
470010,NITGETF,NIT Pakistan Gateway ETF,837,EXCHANGE TRADED FUNDS,4720000
470020,NBPGETF,NBP Pakistan  Growth ETF,837,EXCHANGE TRADED FUNDS,5960000
470030,MZNPETF,Meezan Pakistan ETF,837,EXCHANGE TRADED FUNDS,10680000
470040,JSMFETF,JS Momentum Factor Exchange Traded Fund,837,EXCHANGE TRADED FUNDS,5250000
470050,ACIETF,Alfalah Consumer Index (ETF),837,EXCHANGE TRADED FUNDS,6840000
